sponsor_id,name
514,"John Adams"
515,"James Aslanides"
516,"Kevin Bacon"
517,"William Batchelder"
518,"Joyce Beatty"
519,"Louis Blessing"
520,"Linda Bolon"
521,"Todd Book"
522,"Barbara Boyd"
523,"Jennifer Brady"
524,"Thomas Brinkman"
525,"Edna Brown"
526,"Danny Bubp"
527,"Armond Budish"
528,"Jim Carmichael"
529,"Ted Celeste"
530,"Kathleen Chandler"
531,"Bill Coley"
532,"Thom Collier"
533,"Courtney Combs"
534,"Anthony Core"
535,"David Daniels"
536,"Michael DeBose"
537,"Timothy DeGeeter"
538,"Kevin DeWine"
539,"Daniel Dodd"
540,"Matthew Dolan"
541,"John Domenick"
542,"Steven Driehaus"
543,"Stephen Dyer"
544,"Clyde Evans"
545,"Lorraine Fende"
546,"Diana Fessler"
547,"Larry Flowers"
548,"Mike Foley"
549,"Randall Gardner"
550,"Jennifer Garrison"
551,"Ronald Gerberry"
552,"Bob Gibbs"
553,"Bruce Goodwin"
554,"Jay Goyal"
555,"John Hagan"
556,"Robert Hagan"
558,"Tracy Heard"
559,"Tom Heydinger"
560,"Cliff Hite"
561,"Jay Hottinger"
562,"Matt Huffman"
563,"Jim Hughes"
564,"Jon Husted"
565,"Shannon Jones"
566,"Joseph Koziura"
567,"Thomas Letson"
568,"Clayton Luckie"
569,"Matt Lundy"
570,"Dale Mallory"
571,"Josh Mandel"
572,"Jim McGregor"
573,"Ross McGregor"
574,"Robery Mecklenborg"
575,"Eugene Miller"
576,"Richard Nero"
577,"Deborah Newcomb"
578,"Scott Oelslager"
579,"Mark Okey"
580,"John Otterman"
581,"Thomas Patton"
582,"Jon Peterson"
583,"Chris Redfern"
584,"Stephen Reinhard"
585,"Allan Sayre"
586,"Carol-Ann Schindel"
587,"John Schlichter"
588,"Michelle Schneider"
589,"Barbara Sears"
590,"Arlene Setzer"
591,"Michael Skindell"
592,"Stephen Slesnick"
593,"Gerald Stebelton"
594,"Daniel Stewart"
595,"Jimmy Stewart"
596,"Fred Strahorn"
597,"Vernon Sykes"
598,"Matthew Szollosi"
599,"Joseph Uecker"
600,"Peter Ujvagi"
601,"Lynn Wachtmann"
602,"Jeff Wagner"
603,"Shawn Webster"
604,"John White"
605,"Christopher Widener"
606,"Brian Williams"
607,"Sandra Williams"
608,"Larry Wolpert"
609,"Tyrone Yates"
610,"Kenny Yuko"
611,"James Zehringer"
612,"Ron Amstutz"
613,"Steve Austria"
614,"John Boccieri"
615,"Stephen Buehrer"
616,"Capri Cafaro"
617,"John Carey"
618,"Gary Cates"
619,"Kevin Coughlin"
620,"Keith Faber"
621,"Teresa Fedor"
622,"David Goodman"
623,"Timothy Grendell"
624,"Bill Harris"
625,"Eric Kearney"
626,"Dale Miller"
627,"Ray Miller"
628,"Sue Morano"
629,"Larry Mumper"
630,"Tom Niehaus"
631,"Joy Padgett"
632,"Thomas Roberts"
633,"Thomas Sawyer"
634,"Tim Schaffer"
635,"Robert Schuler"
636,"Kirk Schuring"
637,"William Seitz"
638,"Shirley Smith"
639,"Steven Stivers"
640,"Nina Turner"
641,"Mark Wagoner"
642,"Jason Wilson"
646,"George Distel"
647,"Sandra Harwood"
648,"Robert Spada"
649,"Lance Mason"
651,"Jeff Jacobson"
654,"Robert Latta"
655,"Patricia Clancy"
656,"William Healy"
657,"Kenneth Carano"
658,"Matthew Barrett"
659,"Jim Raussen"
660,"John Widowfield"
